carrier_id,origin_id,event_type,destination_id,start_time,processing_time,end_time,task_id,details
1,,TRANSPORT,1,00:00:00,0.0,00:00:00,1,
2,,TRANSPORT,1,00:00:00,0.0,00:00:00,1,
3,,TRANSPORT,1,00:00:00,0.0,00:00:00,1,
1,1,PROCESSING,1,00:00:00,5.0,00:00:05,1,Inbound
2,1,PROCESSING,1,00:00:05,5.0,00:00:10,1,Inbound
3,1,PROCESSING,1,00:00:10,5.0,00:00:15,1,Inbound
1,1,TRANSPORT,5,00:00:05,12.3,00:00:17,2,
1,5,PROCESSING,5,00:00:17,0.0,00:00:17,2,Identification
2,1,TRANSPORT,5,00:00:10,12.3,00:00:22,2,
2,5,PROCESSING,5,00:00:22,0.0,00:00:22,2,Identification
1,5,TRANSPORT,2,00:00:17,5.2,00:00:22,3,
3,1,TRANSPORT,5,00:00:15,12.3,00:00:27,2,
3,5,PROCESSING,5,00:00:27,0.0,00:00:27,2,Identification
2,5,TRANSPORT,3,00:00:22,8.2,00:00:30,3,
3,5,TRANSPORT,2,00:00:27,5.2,00:00:32,3,
1,2,PROCESSING,2,00:00:22,13.84,00:00:36,3,Cover Screws
3,2,QUEUE,2,00:00:32,3.84,00:00:36,3,
2,3,PROCESSING,3,00:00:30,13.84,00:00:44,3,Cover Screws (Task Failure occurred)
3,2,PROCESSING,2,00:00:36,13.84,00:00:50,3,Cover Screws (Task Failure occurred)
1,2,TRANSPORT,1,00:00:36,17.5,00:00:53,4,
1,1,PROCESSING,1,00:00:53,2.0,00:00:55,4,Flip Product
2,3,TRANSPORT,1,00:00:44,16.5,00:01:00,3,
3,2,TRANSPORT,1,00:00:50,20.5,00:01:10,3,
1,1,TRANSPORT,4,00:00:55,26.0,00:01:21,5,
1,4,PROCESSING,4,00:01:21,2.07,00:01:23,5,Cover Removal
2,1,PROCESSING,1,00:01:00,31.5,00:01:32,3,Cover Screws
3,1,QUEUE,1,00:01:10,21.66,00:01:32,3,
1,4,TRANSPORT,5,00:01:23,16.7,00:01:40,6,
1,5,PROCESSING,5,00:01:40,0.0,00:01:40,6,Identification
3,1,PROCESSING,1,00:01:32,9.1,00:01:41,3,Cover Screws
2,1,QUEUE,1,00:01:32,9.1,00:01:41,4,
2,1,PROCESSING,1,00:01:41,2.0,00:01:43,4,Flip Product
3,1,QUEUE,1,00:01:41,2.0,00:01:43,4,
3,1,PROCESSING,1,00:01:43,2.0,00:01:45,4,Flip Product
1,5,TRANSPORT,3,00:01:40,8.2,00:01:48,7,
1,3,PROCESSING,3,00:01:48,6.53,00:01:55,7,Socket Screws
1,3,TRANSPORT,4,00:01:55,10.1,00:02:05,8,
1,4,PROCESSING,4,00:02:05,1.67,00:02:07,8,Socket Wires
1,4,PROCESSING,4,00:02:07,2.05,00:02:09,9,Socket Removal
2,1,TRANSPORT,4,00:01:43,26.0,00:02:09,5,
2,4,PROCESSING,4,00:02:09,2.07,00:02:11,5,Cover Removal
3,1,TRANSPORT,4,00:01:45,34.0,00:02:19,5,
3,4,PROCESSING,4,00:02:19,2.07,00:02:21,5,Cover Removal
1,4,TRANSPORT,5,00:02:09,16.7,00:02:25,10,
1,5,PROCESSING,5,00:02:25,0.0,00:02:25,10,Identification
2,4,TRANSPORT,5,00:02:11,18.35,00:02:29,6,
2,5,PROCESSING,5,00:02:29,0.0,00:02:29,6,Identification
2,5,TRANSPORT,2,00:02:29,5.2,00:02:35,7,
2,2,PROCESSING,2,00:02:35,6.53,00:02:41,7,Socket Screws (Task Failure occurred)
1,5,TRANSPORT,1,00:02:25,18.1,00:02:43,24,
3,4,TRANSPORT,5,00:02:21,22.7,00:02:44,6,
3,5,PROCESSING,5,00:02:44,0.0,00:02:44,6,Identification
1,1,PROCESSING,1,00:02:43,5.0,00:02:48,24,Outbound
1,,TRANSPORT,1,00:02:49,0.0,00:02:49,1,
3,5,TRANSPORT,3,00:02:44,8.2,00:02:52,7,
1,1,PROCESSING,1,00:02:49,5.0,00:02:54,1,Inbound
3,3,PROCESSING,3,00:02:52,6.53,00:02:58,7,Socket Screws
2,2,TRANSPORT,1,00:02:41,17.5,00:02:59,7,
1,1,TRANSPORT,5,00:02:54,12.3,00:03:06,2,
1,5,PROCESSING,5,00:03:06,0.0,00:03:06,2,Identification
3,3,TRANSPORT,4,00:02:58,10.1,00:03:09,8,
2,1,PROCESSING,1,00:02:59,10.5,00:03:09,7,Socket Screws
3,4,PROCESSING,4,00:03:09,1.67,00:03:10,8,Socket Wires (Task Failure occurred)
1,5,TRANSPORT,2,00:03:06,5.2,00:03:11,3,
3,4,TRANSPORT,1,00:03:10,9.0,00:03:19,8,
1,2,PROCESSING,2,00:03:11,13.84,00:03:25,3,Cover Screws
3,1,PROCESSING,1,00:03:19,8.45,00:03:28,8,Socket Wires
2,1,TRANSPORT,4,00:03:09,26.0,00:03:35,8,
2,4,PROCESSING,4,00:03:35,1.67,00:03:37,8,Socket Wires
2,4,PROCESSING,4,00:03:37,2.05,00:03:39,9,Socket Removal
1,2,TRANSPORT,1,00:03:25,18.66,00:03:44,4,
1,1,PROCESSING,1,00:03:44,2.0,00:03:46,4,Flip Product
3,1,TRANSPORT,4,00:03:28,26.0,00:03:54,9,
2,4,TRANSPORT,5,00:03:39,16.7,00:03:56,10,
2,5,PROCESSING,5,00:03:56,0.0,00:03:56,10,Identification
3,4,PROCESSING,4,00:03:54,2.05,00:03:56,9,Socket Removal (Task Failure occurred)
3,4,TRANSPORT,1,00:03:56,9.0,00:04:05,9,
3,1,PROCESSING,1,00:04:05,3.9,00:04:09,9,Socket Removal
2,5,TRANSPORT,4,00:03:56,13.7,00:04:09,11,
1,1,TRANSPORT,4,00:03:46,27.72,00:04:13,5,
2,4,PROCESSING,4,00:04:09,5.62,00:04:15,11,Power Board Wires (Task Failure occurred)
1,4,QUEUE,4,00:04:13,1.62,00:04:15,5,
1,4,PROCESSING,4,00:04:15,2.07,00:04:17,5,Cover Removal
3,1,TRANSPORT,5,00:04:09,12.3,00:04:21,10,
3,5,PROCESSING,5,00:04:21,0.0,00:04:21,10,Identification
2,4,TRANSPORT,1,00:04:15,9.0,00:04:24,11,
3,5,TRANSPORT,4,00:04:21,13.7,00:04:35,11,
1,4,TRANSPORT,5,00:04:17,18.7,00:04:36,6,
1,5,PROCESSING,5,00:04:36,0.0,00:04:36,6,Identification
3,4,PROCESSING,4,00:04:35,5.62,00:04:40,11,Power Board Wires
1,5,TRANSPORT,3,00:04:36,8.2,00:04:44,7,
1,3,PROCESSING,3,00:04:44,6.53,00:04:50,7,Socket Screws
2,1,PROCESSING,1,00:04:24,29.25,00:04:53,11,Power Board Wires
1,3,TRANSPORT,4,00:04:50,10.1,00:05:00,8,
1,4,PROCESSING,4,00:05:00,1.67,00:05:02,8,Socket Wires
3,4,TRANSPORT,2,00:04:40,21.9,00:05:02,12,
1,4,PROCESSING,4,00:05:02,2.05,00:05:04,9,Socket Removal
3,2,PROCESSING,2,00:05:02,8.47,00:05:11,12,Power Board Screws (Task Failure occurred)
2,1,TRANSPORT,3,00:04:53,21.5,00:05:15,12,
1,4,TRANSPORT,5,00:05:04,16.7,00:05:21,10,
1,5,PROCESSING,5,00:05:21,0.0,00:05:21,10,Identification
2,3,PROCESSING,3,00:05:15,8.47,00:05:23,12,Power Board Screws (Task Failure occurred)
3,2,TRANSPORT,1,00:05:11,17.5,00:05:28,12,
2,3,TRANSPORT,1,00:05:23,14.5,00:05:38,12,
1,5,TRANSPORT,1,00:05:21,20.7,00:05:42,24,
3,1,PROCESSING,1,00:05:28,18.2,00:05:46,12,Power Board Screws
2,1,QUEUE,1,00:05:38,8.75,00:05:46,12,
2,1,PROCESSING,1,00:05:46,10.5,00:05:57,12,Power Board Screws
1,1,QUEUE,1,00:05:42,15.25,00:05:57,24,
1,1,PROCESSING,1,00:05:57,5.0,00:06:02,24,Outbound
1,,TRANSPORT,1,00:06:03,0.0,00:06:03,1,
1,1,PROCESSING,1,00:06:03,5.0,00:06:08,1,Inbound
3,1,TRANSPORT,4,00:05:46,26.0,00:06:12,13,
3,4,PROCESSING,4,00:06:12,2.16,00:06:14,13,Power Board Removal
1,1,TRANSPORT,5,00:06:08,12.3,00:06:20,2,
1,5,PROCESSING,5,00:06:20,0.0,00:06:20,2,Identification
2,1,TRANSPORT,4,00:05:57,26.0,00:06:23,13,
3,4,PROCESSING,4,00:06:14,8.76,00:06:23,14,Controller Board Wires (Task Failure occurred)
2,4,QUEUE,4,00:06:23,0.42,00:06:23,13,
1,5,TRANSPORT,2,00:06:20,5.2,00:06:25,3,
2,4,PROCESSING,4,00:06:23,2.16,00:06:25,13,Power Board Removal
3,4,TRANSPORT,1,00:06:23,9.0,00:06:32,14,
2,4,PROCESSING,4,00:06:25,8.76,00:06:34,14,Controller Board Wires (Task Failure occurred)
1,2,PROCESSING,2,00:06:25,13.84,00:06:39,3,Cover Screws
2,4,TRANSPORT,1,00:06:34,9.0,00:06:43,14,
1,2,TRANSPORT,1,00:06:39,17.5,00:06:56,4,
3,1,PROCESSING,1,00:06:32,42.25,00:07:14,14,Controller Board Wires
2,1,QUEUE,1,00:06:43,31.33,00:07:14,14,
3,1,TRANSPORT,3,00:07:14,20.5,00:07:35,15,
3,3,PROCESSING,3,00:07:35,8.47,00:07:43,15,Controller Board Screws (Task Failure occurred)
3,3,TRANSPORT,1,00:07:43,14.5,00:07:58,15,
2,1,PROCESSING,1,00:07:14,48.75,00:08:03,14,Controller Board Wires
1,1,QUEUE,1,00:06:56,66.88,00:08:03,4,
1,1,PROCESSING,1,00:08:03,2.0,00:08:05,4,Flip Product
3,1,QUEUE,1,00:07:58,7.28,00:08:05,15,
3,1,PROCESSING,1,00:08:05,9.1,00:08:14,15,Controller Board Screws
2,1,TRANSPORT,2,00:08:03,17.5,00:08:21,15,
2,2,PROCESSING,2,00:08:21,8.47,00:08:29,15,Controller Board Screws (Task Failure occurred)
1,1,TRANSPORT,4,00:08:05,28.0,00:08:33,5,
1,4,PROCESSING,4,00:08:33,2.07,00:08:35,5,Cover Removal
3,1,TRANSPORT,4,00:08:14,32.97,00:08:47,16,
2,2,TRANSPORT,1,00:08:29,18.5,00:08:48,15,
3,4,PROCESSING,4,00:08:47,2.16,00:08:49,16,Controller Board Removal (Task Failure occurred)
1,4,TRANSPORT,5,00:08:35,16.7,00:08:52,6,
1,5,PROCESSING,5,00:08:52,0.0,00:08:52,6,Identification
2,1,PROCESSING,1,00:08:48,10.5,00:08:58,15,Controller Board Screws
3,4,TRANSPORT,1,00:08:49,9.0,00:08:58,16,
1,5,TRANSPORT,3,00:08:52,8.2,00:09:00,7,
3,1,PROCESSING,1,00:08:58,3.9,00:09:02,16,Controller Board Removal
1,3,PROCESSING,3,00:09:00,6.53,00:09:07,7,Socket Screws
1,3,TRANSPORT,4,00:09:07,10.1,00:09:17,8,
1,4,PROCESSING,4,00:09:17,1.67,00:09:19,8,Socket Wires
1,4,PROCESSING,4,00:09:19,2.05,00:09:21,9,Socket Removal
2,1,TRANSPORT,4,00:08:58,29.0,00:09:27,16,
2,4,PROCESSING,4,00:09:27,2.16,00:09:29,16,Controller Board Removal
3,1,TRANSPORT,4,00:09:02,28.84,00:09:31,17,
2,4,PROCESSING,4,00:09:29,6.56,00:09:36,17,Terminal Block Wires (Task Failure occurred)
3,4,QUEUE,4,00:09:31,4.72,00:09:36,17,
1,4,TRANSPORT,5,00:09:21,16.7,00:09:37,10,
1,5,PROCESSING,5,00:09:37,0.0,00:09:37,10,Identification
3,4,PROCESSING,4,00:09:36,6.56,00:09:42,17,Terminal Block Wires
2,4,TRANSPORT,1,00:09:36,9.0,00:09:45,17,
1,5,TRANSPORT,4,00:09:37,13.7,00:09:51,11,
1,4,PROCESSING,4,00:09:51,5.62,00:09:57,11,Power Board Wires (Task Failure occurred)
3,4,TRANSPORT,2,00:09:42,21.9,00:10:04,18,
1,4,TRANSPORT,1,00:09:57,9.0,00:10:06,11,
3,2,PROCESSING,2,00:10:04,3.56,00:10:08,18,Terminal Block Screws
3,2,TRANSPORT,4,00:10:08,13.1,00:10:21,19,
3,4,PROCESSING,4,00:10:21,2.0,00:10:23,19,Terminal Block Removal
2,1,PROCESSING,1,00:09:45,39.0,00:10:24,17,Terminal Block Wires
1,1,QUEUE,1,00:10:06,18.35,00:10:24,11,
3,4,TRANSPORT,1,00:10:23,9.0,00:10:32,20,
2,1,TRANSPORT,3,00:10:24,20.5,00:10:44,18,
2,3,PROCESSING,3,00:10:44,3.56,00:10:48,18,Terminal Block Screws (Task Failure occurred)
1,1,PROCESSING,1,00:10:24,25.35,00:10:49,11,Power Board Wires
3,1,QUEUE,1,00:10:32,17.23,00:10:49,20,
3,1,PROCESSING,1,00:10:49,2.0,00:10:51,20,Power Meter Latches
2,3,TRANSPORT,1,00:10:48,14.5,00:11:02,18,
1,1,TRANSPORT,2,00:10:49,17.5,00:11:07,12,
3,1,TRANSPORT,3,00:10:51,22.5,00:11:14,21,
1,2,PROCESSING,2,00:11:07,8.47,00:11:15,12,Power Board Screws
3,3,PROCESSING,3,00:11:14,10.83,00:11:25,21,Power Meter Screws (Task Failure occurred)
2,1,PROCESSING,1,00:11:02,22.5,00:11:25,18,Terminal Block Screws
1,2,TRANSPORT,4,00:11:15,13.1,00:11:28,13,
1,4,PROCESSING,4,00:11:28,2.16,00:11:31,13,Power Board Removal
3,3,TRANSPORT,1,00:11:25,14.5,00:11:39,21,
1,4,PROCESSING,4,00:11:31,8.76,00:11:39,14,Controller Board Wires
2,1,TRANSPORT,4,00:11:25,26.0,00:11:51,19,
2,4,PROCESSING,4,00:11:51,2.0,00:11:53,19,Terminal Block Removal (Task Failure occurred)
3,1,PROCESSING,1,00:11:39,19.7,00:11:59,21,Power Meter Screws
1,4,TRANSPORT,2,00:11:39,21.9,00:12:01,15,
2,4,TRANSPORT,1,00:11:53,9.0,00:12:02,19,
1,2,PROCESSING,2,00:12:01,8.47,00:12:10,15,Controller Board Screws (Task Failure occurred)
1,2,TRANSPORT,1,00:12:10,17.5,00:12:27,15,
3,1,PROCESSING,1,00:11:59,33.8,00:12:33,22,Power Meter Wires
2,1,QUEUE,1,00:12:02,30.62,00:12:33,19,
2,1,PROCESSING,1,00:12:33,4.5,00:12:37,19,Terminal Block Removal
1,1,QUEUE,1,00:12:27,9.96,00:12:37,15,
1,1,PROCESSING,1,00:12:37,18.2,00:12:55,15,Controller Board Screws
3,1,QUEUE,1,00:12:33,22.7,00:12:55,23,
3,1,PROCESSING,1,00:12:55,3.9,00:12:59,23,Power Meter Removal
2,1,QUEUE,1,00:12:37,22.1,00:12:59,20,
2,1,PROCESSING,1,00:12:59,2.0,00:13:01,20,Power Meter Latches
3,1,QUEUE,1,00:12:59,2.0,00:13:01,24,
3,1,PROCESSING,1,00:13:01,5.0,00:13:06,24,Outbound
3,,TRANSPORT,1,00:13:07,0.0,00:13:07,1,
3,1,PROCESSING,1,00:13:07,5.0,00:13:12,1,Inbound
1,1,TRANSPORT,4,00:12:55,26.0,00:13:21,16,
1,4,PROCESSING,4,00:13:21,2.16,00:13:23,16,Controller Board Removal
2,1,TRANSPORT,3,00:13:01,24.5,00:13:26,21,
3,1,TRANSPORT,5,00:13:12,15.3,00:13:27,2,
3,5,PROCESSING,5,00:13:27,0.0,00:13:27,2,Identification
1,4,PROCESSING,4,00:13:23,6.56,00:13:30,17,Terminal Block Wires
3,5,TRANSPORT,2,00:13:27,5.2,00:13:32,3,
2,3,PROCESSING,3,00:13:26,10.83,00:13:37,21,Power Meter Screws (Task Failure occurred)
3,2,PROCESSING,2,00:13:32,13.84,00:13:46,3,Cover Screws (Task Failure occurred)
2,3,TRANSPORT,1,00:13:37,14.5,00:13:51,21,
1,4,TRANSPORT,3,00:13:30,24.9,00:13:55,18,
1,3,PROCESSING,3,00:13:55,3.56,00:13:58,18,Terminal Block Screws
3,2,TRANSPORT,1,00:13:46,17.5,00:14:03,3,
1,3,TRANSPORT,4,00:13:58,10.1,00:14:09,19,
1,4,PROCESSING,4,00:14:09,2.0,00:14:11,19,Terminal Block Removal
1,4,TRANSPORT,1,00:14:11,9.0,00:14:20,20,
2,1,PROCESSING,1,00:13:51,43.5,00:14:35,21,Power Meter Screws
3,1,QUEUE,1,00:14:03,31.18,00:14:35,3,
3,1,PROCESSING,1,00:14:35,9.2,00:14:44,3,Cover Screws
1,1,QUEUE,1,00:14:20,24.15,00:14:44,20,
1,1,PROCESSING,1,00:14:44,2.0,00:14:46,20,Power Meter Latches
2,1,QUEUE,1,00:14:35,11.2,00:14:46,22,
1,1,TRANSPORT,2,00:14:46,17.5,00:15:03,21,
1,2,PROCESSING,2,00:15:03,10.83,00:15:14,21,Power Meter Screws (Task Failure occurred)
2,1,PROCESSING,1,00:14:46,39.0,00:15:25,22,Power Meter Wires
3,1,QUEUE,1,00:14:44,41.0,00:15:25,4,
3,1,PROCESSING,1,00:15:25,2.0,00:15:27,4,Flip Product
2,1,QUEUE,1,00:15:25,2.0,00:15:27,23,
2,1,PROCESSING,1,00:15:27,4.5,00:15:31,23,Power Meter Removal
1,2,TRANSPORT,1,00:15:14,17.5,00:15:32,21,
2,1,PROCESSING,1,00:15:31,5.0,00:15:36,24,Outbound
1,1,QUEUE,1,00:15:32,4.67,00:15:36,21,
2,,TRANSPORT,1,00:15:37,0.0,00:15:37,1,
1,1,PROCESSING,1,00:15:36,9.1,00:15:45,21,Power Meter Screws
2,1,PROCESSING,1,00:15:45,5.0,00:15:50,1,Inbound
1,1,QUEUE,1,00:15:45,5.0,00:15:50,22,
3,1,TRANSPORT,4,00:15:27,26.0,00:15:53,5,
3,4,PROCESSING,4,00:15:53,2.07,00:15:55,5,Cover Removal (Task Failure occurred)
2,1,TRANSPORT,5,00:15:50,12.3,00:16:03,2,
2,5,PROCESSING,5,00:16:03,0.0,00:16:03,2,Identification
3,4,TRANSPORT,1,00:15:55,9.0,00:16:04,5,
2,5,TRANSPORT,3,00:16:03,8.2,00:16:11,3,
1,1,PROCESSING,1,00:15:50,33.8,00:16:24,22,Power Meter Wires
3,1,QUEUE,1,00:16:04,20.33,00:16:24,5,
2,3,PROCESSING,3,00:16:11,13.84,00:16:25,3,Cover Screws
3,1,PROCESSING,1,00:16:24,3.3,00:16:27,5,Cover Removal
1,1,QUEUE,1,00:16:24,3.3,00:16:27,23,
1,1,PROCESSING,1,00:16:27,3.9,00:16:31,23,Power Meter Removal
1,1,PROCESSING,1,00:16:31,5.0,00:16:36,24,Outbound
1,,TRANSPORT,1,00:16:37,0.0,00:16:37,1,
2,3,TRANSPORT,1,00:16:25,14.5,00:16:39,4,
3,1,TRANSPORT,5,00:16:27,12.3,00:16:40,6,
3,5,PROCESSING,5,00:16:40,0.0,00:16:40,6,Identification
1,1,PROCESSING,1,00:16:37,5.0,00:16:42,1,Inbound
2,1,QUEUE,1,00:16:39,2.34,00:16:42,4,
2,1,PROCESSING,1,00:16:42,2.0,00:16:44,4,Flip Product
3,5,TRANSPORT,2,00:16:40,5.2,00:16:45,7,
3,2,PROCESSING,2,00:16:45,6.53,00:16:51,7,Socket Screws
1,1,TRANSPORT,5,00:16:42,12.3,00:16:54,2,
1,5,PROCESSING,5,00:16:54,0.0,00:16:54,2,Identification
1,5,TRANSPORT,3,00:16:54,8.2,00:17:02,3,
3,2,TRANSPORT,4,00:16:51,13.1,00:17:05,8,
3,4,PROCESSING,4,00:17:05,1.67,00:17:06,8,Socket Wires
3,4,PROCESSING,4,00:17:06,2.05,00:17:08,9,Socket Removal
2,1,TRANSPORT,4,00:16:44,31.0,00:17:15,5,
1,3,PROCESSING,3,00:17:02,13.84,00:17:16,3,Cover Screws
2,4,PROCESSING,4,00:17:15,2.07,00:17:17,5,Cover Removal
3,4,TRANSPORT,5,00:17:08,16.7,00:17:25,10,
3,5,PROCESSING,5,00:17:25,0.0,00:17:25,10,Identification
1,3,TRANSPORT,1,00:17:16,14.5,00:17:30,4,
1,1,PROCESSING,1,00:17:30,2.0,00:17:32,4,Flip Product
2,4,TRANSPORT,5,00:17:17,16.7,00:17:33,6,
2,5,PROCESSING,5,00:17:33,0.0,00:17:33,6,Identification
2,5,TRANSPORT,2,00:17:33,5.2,00:17:38,7,
3,5,TRANSPORT,4,00:17:25,13.7,00:17:39,17,
2,2,PROCESSING,2,00:17:38,6.53,00:17:45,7,Socket Screws
3,4,PROCESSING,4,00:17:39,6.56,00:17:45,17,Terminal Block Wires
2,2,TRANSPORT,4,00:17:45,13.1,00:17:58,8,
2,4,PROCESSING,4,00:17:58,1.67,00:18:00,8,Socket Wires
2,4,PROCESSING,4,00:18:00,2.05,00:18:02,9,Socket Removal
1,1,TRANSPORT,4,00:17:32,29.76,00:18:02,5,
1,4,PROCESSING,4,00:18:02,2.07,00:18:04,5,Cover Removal
3,4,TRANSPORT,3,00:17:45,24.9,00:18:10,18,
3,3,PROCESSING,3,00:18:10,3.56,00:18:14,18,Terminal Block Screws
2,4,TRANSPORT,5,00:18:02,16.7,00:18:19,10,
2,5,PROCESSING,5,00:18:19,0.0,00:18:19,10,Identification
1,4,TRANSPORT,5,00:18:04,18.35,00:18:23,6,
1,5,PROCESSING,5,00:18:23,0.0,00:18:23,6,Identification
3,3,TRANSPORT,4,00:18:14,10.1,00:18:24,19,
3,4,PROCESSING,4,00:18:24,2.0,00:18:26,19,Terminal Block Removal
1,5,TRANSPORT,2,00:18:23,5.2,00:18:28,7,
2,5,TRANSPORT,4,00:18:19,15.7,00:18:34,11,
1,2,PROCESSING,2,00:18:28,6.53,00:18:34,7,Socket Screws
3,4,TRANSPORT,1,00:18:26,9.0,00:18:35,24,
3,1,PROCESSING,1,00:18:35,5.0,00:18:40,24,Outbound
2,4,PROCESSING,4,00:18:34,5.62,00:18:40,11,Power Board Wires
3,,TRANSPORT,1,00:18:41,0.0,00:18:41,1,
3,1,PROCESSING,1,00:18:41,5.0,00:18:46,1,Inbound
1,2,TRANSPORT,4,00:18:34,13.1,00:18:47,8,
1,4,PROCESSING,4,00:18:47,1.67,00:18:49,8,Socket Wires
1,4,PROCESSING,4,00:18:49,2.05,00:18:51,9,Socket Removal
3,1,TRANSPORT,5,00:18:46,15.04,00:19:01,2,
3,5,PROCESSING,5,00:19:01,0.0,00:19:01,2,Identification
2,4,TRANSPORT,3,00:18:40,24.9,00:19:05,12,
3,5,TRANSPORT,2,00:19:01,5.2,00:19:06,3,
2,3,PROCESSING,3,00:19:05,8.47,00:19:13,12,Power Board Screws
1,4,TRANSPORT,5,00:18:51,23.7,00:19:15,10,
1,5,PROCESSING,5,00:19:15,0.0,00:19:15,10,Identification
3,2,PROCESSING,2,00:19:06,13.84,00:19:20,3,Cover Screws
2,3,TRANSPORT,4,00:19:13,10.1,00:19:23,13,
2,4,PROCESSING,4,00:19:23,2.16,00:19:25,13,Power Board Removal
1,5,TRANSPORT,1,00:19:15,18.1,00:19:33,24,
2,4,PROCESSING,4,00:19:25,8.76,00:19:34,14,Controller Board Wires (Task Failure occurred)
3,2,TRANSPORT,1,00:19:20,17.5,00:19:37,4,
1,1,PROCESSING,1,00:19:33,5.0,00:19:38,24,Outbound
3,1,QUEUE,1,00:19:37,0.79,00:19:38,4,
1,,TRANSPORT,1,00:19:39,0.0,00:19:39,1,
3,1,PROCESSING,1,00:19:38,2.0,00:19:40,4,Flip Product
2,4,TRANSPORT,1,00:19:34,9.0,00:19:43,14,
1,1,PROCESSING,1,00:19:40,5.0,00:19:45,1,Inbound
2,1,QUEUE,1,00:19:43,1.64,00:19:45,14,
1,1,TRANSPORT,5,00:19:45,12.3,00:19:57,2,
1,5,PROCESSING,5,00:19:57,0.0,00:19:57,2,Identification
1,5,TRANSPORT,3,00:19:57,8.2,00:20:05,3,
3,1,TRANSPORT,4,00:19:40,26.0,00:20:06,5,
3,4,PROCESSING,4,00:20:06,2.07,00:20:08,5,Cover Removal
1,3,PROCESSING,3,00:20:05,13.84,00:20:19,3,Cover Screws (Task Failure occurred)
2,1,PROCESSING,1,00:19:45,35.75,00:20:21,14,Controller Board Wires
3,4,TRANSPORT,5,00:20:08,16.7,00:20:25,6,
3,5,PROCESSING,5,00:20:25,0.0,00:20:25,6,Identification
3,5,TRANSPORT,3,00:20:25,8.2,00:20:33,7,
1,3,TRANSPORT,1,00:20:19,14.5,00:20:34,3,
3,3,PROCESSING,3,00:20:33,6.53,00:20:39,7,Socket Screws
2,1,TRANSPORT,2,00:20:21,19.5,00:20:40,15,
2,2,PROCESSING,2,00:20:40,8.47,00:20:49,15,Controller Board Screws
3,3,TRANSPORT,4,00:20:39,10.1,00:20:49,8,
3,4,PROCESSING,4,00:20:49,1.67,00:20:51,8,Socket Wires
3,4,PROCESSING,4,00:20:51,2.05,00:20:53,9,Socket Removal
2,2,TRANSPORT,4,00:20:49,13.1,00:21:02,16,
2,4,PROCESSING,4,00:21:02,2.16,00:21:04,16,Controller Board Removal
1,1,PROCESSING,1,00:20:34,31.5,00:21:05,3,Cover Screws
1,1,PROCESSING,1,00:21:05,2.0,00:21:07,4,Flip Product
3,4,TRANSPORT,5,00:20:53,16.7,00:21:10,10,
3,5,PROCESSING,5,00:21:10,0.0,00:21:10,10,Identification
2,4,TRANSPORT,1,00:21:04,9.0,00:21:13,20,
2,1,PROCESSING,1,00:21:13,2.0,00:21:15,20,Power Meter Latches
3,5,TRANSPORT,4,00:21:10,13.7,00:21:24,17,
3,4,PROCESSING,4,00:21:24,6.56,00:21:30,17,Terminal Block Wires
1,1,TRANSPORT,4,00:21:07,27.0,00:21:34,5,
1,4,PROCESSING,4,00:21:34,2.07,00:21:36,5,Cover Removal
2,1,TRANSPORT,3,00:21:15,22.5,00:21:37,21,
2,3,PROCESSING,3,00:21:37,10.83,00:21:48,21,Power Meter Screws
3,4,TRANSPORT,2,00:21:30,21.9,00:21:52,18,
1,4,TRANSPORT,5,00:21:36,16.7,00:21:53,6,
1,5,PROCESSING,5,00:21:53,0.0,00:21:53,6,Identification
3,2,PROCESSING,2,00:21:52,3.56,00:21:56,18,Terminal Block Screws
1,5,TRANSPORT,3,00:21:53,8.2,00:22:01,7,
2,3,TRANSPORT,1,00:21:48,14.5,00:22:03,22,
1,3,PROCESSING,3,00:22:01,6.53,00:22:08,7,Socket Screws (Task Failure occurred)
3,2,TRANSPORT,4,00:21:56,13.1,00:22:09,19,
3,4,PROCESSING,4,00:22:09,2.0,00:22:11,19,Terminal Block Removal
3,4,TRANSPORT,1,00:22:11,9.0,00:22:20,24,
1,3,TRANSPORT,1,00:22:08,14.5,00:22:22,7,
2,1,PROCESSING,1,00:22:03,28.6,00:22:31,22,Power Meter Wires
3,1,QUEUE,1,00:22:20,11.57,00:22:31,24,
3,1,PROCESSING,1,00:22:31,5.0,00:22:36,24,Outbound
1,1,QUEUE,1,00:22:22,14.06,00:22:36,7,
1,1,PROCESSING,1,00:22:36,10.5,00:22:47,7,Socket Screws
2,1,QUEUE,1,00:22:31,15.5,00:22:47,23,
2,1,PROCESSING,1,00:22:47,3.3,00:22:50,23,Power Meter Removal
2,1,PROCESSING,1,00:22:50,5.0,00:22:55,24,Outbound
1,1,TRANSPORT,4,00:22:47,26.0,00:23:13,8,
1,4,PROCESSING,4,00:23:13,1.67,00:23:14,8,Socket Wires (Task Failure occurred)
1,4,TRANSPORT,1,00:23:14,9.0,00:23:23,8,
1,1,PROCESSING,1,00:23:23,9.75,00:23:33,8,Socket Wires
1,1,TRANSPORT,4,00:23:33,26.0,00:23:59,9,
1,4,PROCESSING,4,00:23:59,2.05,00:24:01,9,Socket Removal
1,4,TRANSPORT,5,00:24:01,16.7,00:24:18,10,
1,5,PROCESSING,5,00:24:18,0.0,00:24:18,10,Identification
1,5,TRANSPORT,4,00:24:18,13.7,00:24:32,11,
1,4,PROCESSING,4,00:24:32,5.62,00:24:37,11,Power Board Wires (Task Failure occurred)
1,4,TRANSPORT,1,00:24:37,9.0,00:24:46,11,
1,1,PROCESSING,1,00:24:46,29.25,00:25:16,11,Power Board Wires
1,1,TRANSPORT,2,00:25:16,17.5,00:25:33,12,
1,2,PROCESSING,2,00:25:33,8.47,00:25:41,12,Power Board Screws (Task Failure occurred)
1,2,TRANSPORT,1,00:25:41,17.5,00:25:59,12,
1,1,PROCESSING,1,00:25:59,21.0,00:26:20,12,Power Board Screws
1,1,TRANSPORT,4,00:26:20,26.0,00:26:46,13,
1,4,PROCESSING,4,00:26:46,2.16,00:26:48,13,Power Board Removal (Task Failure occurred)
1,4,TRANSPORT,1,00:26:48,9.0,00:26:57,13,
1,1,PROCESSING,1,00:26:57,4.5,00:27:02,13,Power Board Removal
1,1,TRANSPORT,4,00:27:02,26.0,00:27:28,14,
1,4,PROCESSING,4,00:27:28,8.76,00:27:36,14,Controller Board Wires (Task Failure occurred)
1,4,TRANSPORT,1,00:27:36,9.0,00:27:45,14,
1,1,PROCESSING,1,00:27:45,48.75,00:28:34,14,Controller Board Wires
1,1,TRANSPORT,3,00:28:34,20.5,00:28:55,15,
1,3,PROCESSING,3,00:28:55,8.47,00:29:03,15,Controller Board Screws (Task Failure occurred)
1,3,TRANSPORT,1,00:29:03,14.5,00:29:18,15,
1,1,PROCESSING,1,00:29:18,31.5,00:29:49,15,Controller Board Screws
1,1,TRANSPORT,4,00:29:49,26.0,00:30:15,16,
1,4,PROCESSING,4,00:30:15,2.16,00:30:17,16,Controller Board Removal (Task Failure occurred)
1,4,TRANSPORT,1,00:30:17,9.0,00:30:26,16,
1,1,PROCESSING,1,00:30:26,4.5,00:30:31,16,Controller Board Removal
1,1,TRANSPORT,4,00:30:31,26.0,00:30:57,17,
1,4,PROCESSING,4,00:30:57,6.56,00:31:03,17,Terminal Block Wires (Task Failure occurred)
1,4,TRANSPORT,1,00:31:03,9.0,00:31:12,17,
1,1,PROCESSING,1,00:31:12,39.0,00:31:51,17,Terminal Block Wires
1,1,TRANSPORT,2,00:31:51,17.5,00:32:09,18,
1,2,PROCESSING,2,00:32:09,3.56,00:32:12,18,Terminal Block Screws (Task Failure occurred)
1,2,TRANSPORT,1,00:32:12,17.5,00:32:30,18,
1,1,PROCESSING,1,00:32:30,10.5,00:32:40,18,Terminal Block Screws
1,1,TRANSPORT,4,00:32:40,26.0,00:33:06,19,
1,4,PROCESSING,4,00:33:06,2.0,00:33:08,19,Terminal Block Removal
1,4,TRANSPORT,1,00:33:08,9.0,00:33:17,20,
1,1,PROCESSING,1,00:33:17,2.0,00:33:19,20,Power Meter Latches
1,1,TRANSPORT,3,00:33:19,20.5,00:33:40,21,
1,3,PROCESSING,3,00:33:40,10.83,00:33:51,21,Power Meter Screws (Task Failure occurred)
1,3,TRANSPORT,1,00:33:51,14.5,00:34:05,21,
1,1,PROCESSING,1,00:34:05,31.5,00:34:37,21,Power Meter Screws
1,1,PROCESSING,1,00:34:37,39.0,00:35:16,22,Power Meter Wires
1,1,PROCESSING,1,00:35:16,4.5,00:35:20,23,Power Meter Removal
1,1,PROCESSING,1,00:35:20,5.0,00:35:25,24,Outbound
